max_species,initial_seed,mutation_seed,generation,species_count,mean_score,dominant_frequency,max_memory_depth,mutation_unchanged,mutation_new,mutation_merged,mutation_blocked_at_cap
9,7,11,1,6,1.417361111111111,0.30422111206938635,2,0,3,0,0
9,7,11,2,6,1.5504734065769827,0.3016265989885973,2,0,3,0,0
9,7,11,3,8,1.5179149668405207,0.29365696240713435,3,0,4,0,0
9,7,11,4,9,1.562447376582669,0.2804752715822875,2,0,3,0,3
9,7,11,5,9,1.5080883235112963,0.2957643734091462,2,0,0,0,9
9,7,11,6,9,1.5126488123648012,0.3051207433326584,2,0,0,0,9
9,7,11,7,9,1.5108993772601724,0.3058593803315282,2,0,0,0,9
9,7,11,8,9,1.5079480850984687,0.3073246568037576,2,0,0,0,9
9,7,11,9,9,1.506084037137443,0.3087616705787481,2,0,0,0,9
9,7,11,10,9,1.5053637362728965,0.3102688552300763,2,0,0,0,9
9,7,11,11,9,1.505702478453633,0.3117621181951563,2,0,0,0,9
9,7,11,12,9,1.506899539707228,0.3131627138189712,2,0,0,0,9
9,7,11,13,9,1.5085686712584697,0.31438581286678914,2,0,0,0,9
9,7,11,14,9,1.5103373363530557,0.3153643820400171,2,0,0,0,9
9,7,11,15,9,1.511926757064883,0.3160568190334982,2,0,0,0,9
9,7,11,16,9,1.5131752857384345,0.3164472242796086,2,0,0,0,9
9,7,11,17,9,1.5140322253213983,0.3165451822399294,2,0,0,0,9
9,7,11,18,9,1.5145204085756944,0.3163789650264999,2,0,0,0,9
9,7,11,19,9,1.514703465606671,0.3160160986338229,2,0,0,0,9
9,7,11,20,9,1.5146755007367348,0.31549946917042185,2,0,0,0,9
9,7,11,21,9,1.5145291146087075,0.3148768841882214,2,0,0,0,9
9,7,11,22,9,1.5143368181375027,0.3141864177518736,2,0,0,0,9
9,7,11,23,9,1.514165960722493,0.31345684248499764,2,0,0,0,9
9,7,11,24,9,1.514083577089696,0.3127098716112608,2,0,0,0,9
9,7,11,25,9,1.5141152930159798,0.3118265003967224,2,0,0,0,9
9,17,23,1,6,1.3659166666666667,0.31996531862070215,2,0,3,0,0
9,17,23,2,9,0.0,0.35171958284641076,2,0,4,1,0
9,17,23,3,9,0.0,0.35171958284641076,2,0,0,0,9
9,17,23,4,9,0.0,0.35171958284641076,2,0,0,0,9
9,17,23,5,9,0.0,0.35171958284641076,2,1,0,0,8
9,17,23,6,9,0.0,0.35171958284641076,2,0,0,0,9
9,17,23,7,9,0.0,0.35171958284641076,2,0,0,1,8
9,17,23,8,9,0.0,0.35171958284641076,2,0,0,0,9
9,17,23,9,9,0.0,0.35171958284641076,2,0,0,0,9
9,17,23,10,9,0.0,0.35171958284641076,2,0,0,0,9
9,17,23,11,9,0.0,0.35171958284641076,2,0,0,0,9
9,17,23,12,9,0.0,0.35171958284641076,2,0,0,0,9
9,17,23,13,9,0.0,0.35171958284641076,2,0,0,0,9
9,17,23,14,9,0.0,0.35171958284641076,2,0,0,0,9
9,17,23,15,9,0.0,0.35171958284641076,2,0,0,0,9
9,17,23,16,9,0.0,0.35171958284641076,2,0,0,0,9
9,17,23,17,9,0.0,0.35171958284641076,2,0,0,0,9
9,17,23,18,9,0.0,0.35171958284641076,2,0,0,0,9
9,17,23,19,9,0.0,0.35171958284641076,2,0,0,0,9
9,17,23,20,9,0.0,0.35171958284641076,2,0,0,0,9
9,17,23,21,9,0.0,0.35171958284641076,2,0,0,0,9
9,17,23,22,9,0.0,0.35171958284641076,2,0,0,0,9
9,17,23,23,9,0.0,0.35171958284641076,2,0,0,0,9
9,17,23,24,9,0.0,0.35171958284641076,2,0,0,0,9
9,17,23,25,9,0.0,0.3715113935050005,3,15,0,0,4
9,29,31,1,6,1.5044166666666665,0.30939179134314893,2,0,3,0,0
9,29,31,2,6,1.376560379816011,0.3080477162240765,2,0,3,0,0
9,29,31,3,6,1.5514064367862834,0.3329110926369347,2,0,3,0,0
9,29,31,4,9,1.3492951559736068,0.287848349843317,2,0,5,0,1
9,29,31,5,9,1.358729107567937,0.2836234458032755,2,0,4,0,4
9,29,31,6,8,1.2936597651347885,0.33890288400744465,2,0,5,0,2
9,29,31,7,9,1.1799617159413955,0.3091219639887937,2,0,3,0,5
9,29,31,8,9,1.1705523120487422,0.31945293263264545,3,0,1,0,8
9,29,31,9,8,1.1527401083621384,0.3610185329718406,3,0,3,0,5
9,29,31,10,9,1.0311502347004091,0.35194804083758773,3,0,1,0,8
9,29,31,11,9,0.951286946492773,0.368232092651867,3,0,0,0,9
9,29,31,12,9,0.8934564268982409,0.38477623147634076,3,0,0,0,9
9,29,31,13,9,0.8736255849597744,0.39784192955969283,3,0,0,0,9
9,29,31,14,9,0.8601735599580971,0.4065765086517137,3,0,0,0,9
9,29,31,15,9,0.850803501328941,0.41361479139927504,3,0,0,0,9
9,29,31,16,9,0.8438268811079937,0.4190135913774587,3,0,0,0,9
9,29,31,17,9,0.8383273788404687,0.4233666850964569,3,0,0,0,9
9,29,31,18,9,0.8338703695673457,0.426940967864004,3,0,0,0,9
9,29,31,19,9,0.8302014239374917,0.42984521701553305,3,0,0,0,9
9,29,31,20,9,0.8271601885241273,0.4321212804259881,3,0,0,0,9
9,29,31,21,9,0.8246481770819755,0.43379558008445216,3,0,0,0,9
9,29,31,22,9,0.8226075233563737,0.4348873382240521,3,0,0,0,9
9,29,31,23,9,0.8210571505784492,0.4354021686589778,3,0,0,0,9
9,29,31,24,9,0.820067164288888,0.43534948683112317,3,0,0,0,9
9,29,31,25,9,0.8209271771136395,0.4347777197039352,3,0,0,0,9
12,7,11,1,6,1.417361111111111,0.30422111206938635,2,0,3,0,0
12,7,11,2,6,1.5504734065769827,0.3016265989885973,2,0,3,0,0
12,7,11,3,8,1.5179149668405207,0.29365696240713435,3,0,4,0,0
12,7,11,4,12,1.562447376582669,0.2642082959323351,3,0,6,0,0
12,7,11,5,12,1.442621854520468,0.2441579478340479,3,0,5,0,7
12,7,11,6,12,1.386050753524513,0.24451682001873845,3,0,0,0,12
12,7,11,7,12,1.335869605873003,0.24571169356096907,3,0,0,0,12
12,7,11,8,12,1.292617234315031,0.24893451392816035,3,0,0,0,12
12,7,11,9,12,1.2508125571678043,0.2538397956319094,3,0,0,0,12
12,7,11,10,12,1.2138667417529662,0.2596178073341983,3,0,0,0,12
12,7,11,11,12,1.180814578780587,0.2661690495651997,3,0,0,0,12
12,7,11,12,12,1.150622376311483,0.27344594228044704,3,0,0,0,12
12,7,11,13,12,1.121343716522163,0.2814375525308708,3,0,0,0,12
12,7,11,14,12,1.0922504934874984,0.2901123423705361,3,0,0,0,12
12,7,11,15,12,1.0614258041442536,0.2994664753702335,3,0,0,0,12
12,7,11,16,12,1.0281707957516222,0.3095381361193814,3,0,0,0,12
12,7,11,17,12,0.9919104377963768,0.32042537743764787,3,0,0,0,12
12,7,11,18,12,0.9525414555440021,0.33231287427409225,3,0,0,0,12
12,7,11,19,12,0.9103872291462078,0.34552386835521283,3,0,0,0,12
12,7,11,20,12,0.8659076792716618,0.3605757953054049,3,0,0,0,12
12,7,11,21,12,0.8200182334108264,0.3784026983605499,3,0,0,0,12
12,7,11,22,12,0.7742268147265159,0.4005927103928464,3,0,0,0,12
12,7,11,23,12,0.7317149211978254,0.42963546528013537,4,0,0,0,12
12,7,11,24,12,0.7025402896803392,0.46641006746589236,4,0,0,0,12
12,7,11,25,10,0.6993229497358446,0.5069585171365886,4,0,2,0,8
12,17,23,1,6,1.3659166666666667,0.31996531862070215,2,0,3,0,0
12,17,23,2,9,0.0,0.35171958284641076,2,0,4,1,0
12,17,23,3,12,0.0,0.34621473472097724,2,0,3,1,5
12,17,23,4,12,0.0,0.34621473472097724,2,1,0,0,11
12,17,23,5,12,0.0,0.34621473472097724,2,0,0,0,12
12,17,23,6,12,0.0,0.34621473472097724,2,0,0,0,12
12,17,23,7,12,0.0,0.34621473472097724,2,0,0,0,12
12,17,23,8,12,0.0,0.34621473472097724,2,0,0,0,12
12,17,23,9,12,0.0,0.34621473472097724,2,0,0,0,12
12,17,23,10,12,0.0,0.34621473472097724,2,0,0,0,12
12,17,23,11,12,0.0,0.34621473472097724,2,0,0,0,12
12,17,23,12,12,0.0,0.34621473472097724,2,0,0,0,12
12,17,23,13,12,0.0,0.34621473472097724,2,0,0,0,12
12,17,23,14,12,0.0,0.34621473472097724,2,0,0,0,12
12,17,23,15,12,0.0,0.34621473472097724,2,0,0,0,12
12,17,23,16,12,0.0,0.34621473472097724,2,0,0,0,12
12,17,23,17,12,0.0,0.34621473472097724,2,0,0,0,12
12,17,23,18,12,0.0,0.34621473472097724,2,0,0,0,12
12,17,23,19,12,0.0,0.34621473472097724,2,0,0,0,12
12,17,23,20,12,0.0,0.34621473472097724,2,0,0,0,12
12,17,23,21,12,0.0,0.34621473472097724,2,0,0,0,12
12,17,23,22,12,0.0,0.34621473472097724,2,0,0,0,12
12,17,23,23,12,0.0,0.34621473472097724,2,0,0,0,12
12,17,23,24,12,0.0,0.34621473472097724,2,0,0,0,12
12,17,23,25,12,0.0,0.35748860649499953,3,18,0,0,0
12,29,31,1,6,1.5044166666666665,0.30939179134314893,2,0,3,0,0
12,29,31,2,6,1.376560379816011,0.3080477162240765,2,0,3,0,0
12,29,31,3,6,1.5514064367862834,0.3329110926369347,2,0,3,0,0
12,29,31,4,10,1.3492951559736068,0.28032600860959857,2,0,6,0,0
12,29,31,5,12,1.2976646275248747,0.2524696568299219,3,0,7,0,2
12,29,31,6,12,1.2466884281472663,0.2709380787671977,3,0,1,0,11
12,29,31,7,12,1.1905065801449563,0.28705647402786917,3,0,0,0,12
12,29,31,8,12,1.1449875324198688,0.3007394232783439,3,0,0,0,12
12,29,31,9,12,1.1064950422924273,0.3134039502614291,3,0,0,0,12
12,29,31,10,12,1.0738092476161366,0.3249772322228792,3,0,0,0,12
12,29,31,11,12,1.0484855019054345,0.33508553943335543,3,0,0,0,12
12,29,31,12,12,1.0315970349951238,0.34332595818649094,3,0,0,0,12
12,29,31,13,12,1.023681855373449,0.34944277646727915,3,0,0,0,12
12,29,31,14,12,1.0231463228190392,0.3534726315125299,3,0,0,0,12
12,29,31,15,12,1.0267662017534363,0.355768418861079,3,0,0,0,12
12,29,31,16,12,1.0317311282147095,0.356984748645401,3,0,0,0,12
12,29,31,17,12,1.0359001939288985,0.35793970220237295,3,0,0,0,12
12,29,31,18,12,1.0381687686864305,0.3594822193429958,3,0,0,0,12
12,29,31,19,12,1.0387289717837294,0.3623895484276886,3,0,0,0,12
12,29,31,20,12,1.0380549157093784,0.3675205261333289,3,0,0,0,12
12,29,31,21,12,1.0367999601303064,0.3754688812033105,3,0,0,0,12
12,29,31,22,12,1.0353821272662327,0.3866275728223387,3,0,0,0,12
12,29,31,23,12,1.0340617446694356,0.4011708137778276,3,0,0,0,12
12,29,31,24,12,1.0330499329299696,0.4189375534891638,3,0,0,0,12
12,29,31,25,12,1.0326205707452993,0.39194798695473926,3,0,0,0,12
18,7,11,1,6,1.417361111111111,0.30422111206938635,2,0,3,0,0
18,7,11,2,6,1.5504734065769827,0.3016265989885973,2,0,3,0,0
18,7,11,3,8,1.5179149668405207,0.29365696240713435,3,0,4,0,0
18,7,11,4,14,1.562447376582669,0.2527348338127282,3,0,8,0,0
18,7,11,5,18,1.3649887723069285,0.1981047058927738,3,0,9,0,5
18,7,11,6,18,1.287175167167582,0.20082394296662304,3,0,0,0,18
18,7,11,7,18,1.2184694135397924,0.2058441290212037,3,0,0,0,18
18,7,11,8,18,1.1552685292010288,0.21371113458401054,3,0,0,0,18
18,7,11,9,18,1.0928303950684348,0.22503218230308088,3,0,0,0,18
18,7,11,10,18,1.0303073961924783,0.24036856306084007,3,0,0,0,18
18,7,11,11,18,0.9688721021413486,0.26008021336272484,3,0,0,0,18
18,7,11,12,18,0.9100990429588316,0.2840357057114503,3,0,0,0,18
18,7,11,13,18,0.8562551857313471,0.31169513011813054,3,0,0,0,18
18,7,11,14,18,0.8094860605152209,0.3415548025755101,3,0,0,0,18
18,7,11,15,18,0.7715644100208262,0.371495840002645,3,0,0,0,18
18,7,11,16,18,0.7435570428873742,0.3991112401445178,3,0,0,0,18
18,7,11,17,18,0.7253762816455286,0.4216490477666566,3,0,0,0,18
18,7,11,18,18,0.7154695098594298,0.4373340208165936,3,0,0,0,18
18,7,11,19,18,0.7117476632230777,0.4458136331034551,3,0,0,0,18
18,7,11,20,18,0.7120956761950285,0.4478806149265623,3,0,0,0,18
18,7,11,21,18,0.714725199674215,0.4442165295061574,3,0,0,0,18
18,7,11,22,18,0.7181701744230962,0.43673955878464075,3,0,0,0,18
18,7,11,23,18,0.7214394089576093,0.4283805402081076,4,0,0,0,18
18,7,11,24,18,0.7241639876771638,0.4250921087493766,4,0,0,0,18
18,7,11,25,18,0.7261545602012383,0.431851073100122,4,0,0,0,18
18,17,23,1,6,1.3659166666666667,0.31996531862070215,2,0,3,0,0
18,17,23,2,9,0.0,0.35171958284641076,2,0,4,1,0
18,17,23,3,14,0.0,0.3359809558089834,2,0,5,1,3
18,17,23,4,16,0.0,0.3293041083759191,2,0,4,0,12
18,17,23,5,17,0.017747244866765644,0.33094399344618845,2,0,4,0,13
18,17,23,6,17,0.04266808416224013,0.33139195035078057,2,0,2,0,15
18,17,23,7,18,0.06710519522028482,0.3306306633705621,2,0,3,0,14
18,17,23,8,18,0.09449973290170913,0.3291022818464747,2,0,0,0,18
18,17,23,9,18,0.12495016176629792,0.3269506314733146,2,0,0,0,18
18,17,23,10,18,0.15856170703925687,0.3241952574167121,2,0,0,0,18
18,17,23,11,18,0.19556270196777885,0.3208450846317704,2,0,0,0,18
18,17,23,12,18,0.2361918739830426,0.31690015150411876,2,0,0,0,18
18,17,23,13,18,0.28071346403624365,0.3123598273538537,2,0,0,0,18
18,17,23,14,18,0.32942362275308777,0.3072350439753112,2,0,0,0,18
18,17,23,15,18,0.3826454091629357,0.30154826445189277,2,0,0,0,18
18,17,23,16,18,0.4407004558031083,0.2953366703527848,2,0,0,0,18
18,17,23,17,18,0.5038509463464524,0.2886496344038935,2,0,0,0,18
18,17,23,18,18,0.5724027860778865,0.2815473649937066,2,0,0,0,18
18,17,23,19,18,0.6465552622168943,0.27409855711686096,2,0,0,0,18
18,17,23,20,18,0.726445530224731,0.2663828628215816,2,0,0,0,18
18,17,23,21,18,0.8121553111815232,0.258490014434444,2,0,0,0,18
18,17,23,22,18,0.9037474524526947,0.2505174075293073,2,0,0,0,18
18,17,23,23,18,1.0010760579685248,0.2425673401257089,4,0,0,0,18
18,17,23,24,18,1.103749281228766,0.40396551850142246,4,0,0,0,18
18,17,23,25,18,1.1610898972565105,0.4028845621195326,4,3,0,0,15
18,29,31,1,6,1.5044166666666665,0.30939179134314893,2,0,3,0,0
18,29,31,2,6,1.376560379816011,0.3080477162240765,2,0,3,0,0
18,29,31,3,6,1.5514064367862834,0.3329110926369347,2,0,3,0,0
18,29,31,4,10,1.3492951559736068,0.28032600860959857,2,0,6,0,0
18,29,31,5,16,1.2976646275248747,0.2463545251914784,3,0,10,0,0
18,29,31,6,18,1.2254413343237747,0.21191290175836854,3,0,7,0,9
18,29,31,7,18,1.1900800906798905,0.22940726680462098,3,0,1,0,17
18,29,31,8,18,1.165580239265908,0.24310766353015393,3,0,0,0,18
18,29,31,9,18,1.1454920375020223,0.2543959080255801,3,0,0,0,18
18,29,31,10,18,1.1296782290039568,0.26340350919166394,3,0,0,0,18
18,29,31,11,18,1.1175984896446644,0.27073134374273887,3,0,0,0,18
18,29,31,12,18,1.1085112499261143,0.2767419640032308,3,0,0,0,18
18,29,31,13,18,1.102071826965158,0.2817452265613481,3,0,0,0,18
18,29,31,14,18,1.0980467524972212,0.2860153964298038,3,0,0,0,18
18,29,31,15,18,1.0962720102974775,0.2897641633389375,3,0,0,0,18
18,29,31,16,18,1.0965138885681915,0.29317220151804914,3,0,0,0,18
18,29,31,17,18,1.098598084033061,0.2963826256666943,3,0,0,0,18
18,29,31,18,18,1.1024001136788833,0.2995058025555249,3,0,0,0,18
18,29,31,19,18,1.1080465444828942,0.30264149982246234,3,0,0,0,18
18,29,31,20,18,1.1157636433537201,0.30590242221100224,3,0,0,0,18
18,29,31,21,18,1.1259265067968143,0.3093945487544091,3,0,0,0,18
18,29,31,22,18,1.1391318927392132,0.3132190890336891,3,0,0,0,18
18,29,31,23,18,1.1559982770938015,0.3174632895853134,3,1,0,0,17
18,29,31,24,18,1.3161659031037816,0.2926945378403773,3,0,1,0,16
18,29,31,25,18,1.3882330316354738,0.2868894693732097,3,0,0,0,18
